id,x,y
"1",-79.0617664769,35.9366823327
"2",-79.0622463356,35.9361450431
"3",-79.0620057509,35.9355592972
"6",-79.0593045948,35.9360244519
"7",-79.0584645485,35.9366107253
"8",-79.0571739549,35.9368066260
"9",-79.0582549931,35.9373919829
"10",-79.0600561589,35.9375619882
"11",-79.0631174349,35.9369257533
"12",-79.0648878379,35.9361680787
"4",-79.0605951524,35.9358041174
